ID,Dropoff City,Stamping Data,Visa TypeLatest Status,Last modified date
5861044060684288,Pune,27-Feb-2023,H1B,No Status,27-Feb-2023
5815949403881472,Kochi,24-Feb-2023,H1B,No Status,27-Feb-2023
4804163942744064,Chennai,23-Feb-2023,H1B,Application Received,26-Feb-2023
4811757042270208,Mumbai,23-Feb-2023,H1B,No Status,27-Feb-2023
6321244035088384,Mumbai,23-Feb-2023,H1B,No Status,27-Feb-2023
5548192133283840,Bengaluru,23-Feb-2023,H1B,Application Received,27-Feb-2023
6217562132054016,Mumbai,23-Feb-2023,H1B,No Status,27-Feb-2023
5942360408064000,Mumbai,22-Feb-2023,H1B,Application Received,27-Feb-2023
4744597326528512,Mumbai,22-Feb-2023,H1B,No Status,27-Feb-2023
6038812304080896,Chennai,21-Feb-2023,H1B,Application Received,26-Feb-2023
6010036140638208,Chennai,21-Feb-2023,H1B,Application Received,26-Feb-2023
5488567316905984,Chennai,21-Feb-2023,L1,Application Received,27-Feb-2023
6312700606939136,Chennai,21-Feb-2023,H1B,Application Received,27-Feb-2023
6294202786775040,New Delhi,20-Feb-2023,H1B,Application Received,27-Feb-2023
4686779802189824,Ahmedabad,18-Feb-2023,H1B,Application Received,27-Feb-2023
6287464318631936,Chennai,17-Feb-2023,H1B,Application Received,27-Feb-2023
4963812843192320,New Delhi,17-Feb-2023,H1B,Application Received,27-Feb-2023
4971841613463552,New Delhi,17-Feb-2023,H1B,Application Received,27-Feb-2023
6246279541686272,Chennai,16-Feb-2023,H1B,Application Received,26-Feb-2023
4883285628944384,Mumbai,16-Feb-2023,H1B,Application Received,27-Feb-2023
6207354068533248,Chennai,15-Feb-2023,H1B,Application Received,27-Feb-2023
6289993920151552,Mumbai,15-Feb-2023,H1B,Application Received,27-Feb-2023
4842389839544320,Mumbai,15-Feb-2023,H1B,Application Received,27-Feb-2023
6209058365243392,Mumbai,15-Feb-2023,H1B,Application Received,27-Feb-2023
5933489773871104,Hyderabad,15-Feb-2023,H1B,Issued,27-Feb-2023
4742516398096384,Chennai,15-Feb-2023,H1B,Application Received,27-Feb-2023
6611715424780288,Bengaluru,14-Feb-2023,H1B,Application Received,26-Feb-2023
4749888642351104,Hyderabad,14-Feb-2023,H1B,Approved,27-Feb-2023
4922567198507008,Hyderabad,14-Feb-2023,H1B,Approved,27-Feb-2023
6506579725647872,New Delhi,14-Feb-2023,H1B,Application Received,27-Feb-2023
6003131443838976,Hyderabad,14-Feb-2023,H1B,Issued,27-Feb-2023
4966483926974464,Chennai,14-Feb-2023,H1B,Application Received,27-Feb-2023
4889959806795776,New Delhi,14-Feb-2023,H1B,Application Received,27-Feb-2023
6231891132809216,Mumbai,14-Feb-2023,H1B,Application Received,27-Feb-2023
5387239508934656,Mumbai,13-Feb-2023,H1B,Application Received,26-Feb-2023
4835109517656064,Hyderabad,13-Feb-2023,H1B,Application Received,26-Feb-2023
4851145046491136,Chennai,13-Feb-2023,H1B,Application Received,26-Feb-2023
6288336465428480,Kochi,13-Feb-2023,H1B,Application Received,27-Feb-2023
6257142789046272,Mumbai,13-Feb-2023,H1B,Application Received,27-Feb-2023
6323891345555456,Hyderabad,13-Feb-2023,L1,Issued,27-Feb-2023
6539180960120832,Mumbai,13-Feb-2023,H1B,Application Received,27-Feb-2023
4714813859037184,Hyderabad,13-Feb-2023,H1B,Application Received,27-Feb-2023
4891443197902848,Chennai,13-Feb-2023,H1B,Application Received,27-Feb-2023
4852830502387712,Hyderabad,13-Feb-2023,H1B,Application Received,27-Feb-2023
5958761881534464,Mumbai,13-Feb-2023,H1B,Application Received,27-Feb-2023
4919718628556800,Chennai,12-Feb-2023,H1B,Approved,26-Feb-2023
5416491054792704,Mumbai,12-Feb-2023,H1B,Application Received,27-Feb-2023
6555625165160448,Bengaluru,12-Feb-2023,H1B,Approved,27-Feb-2023
6223864510021632,Pune,10-Feb-2023,H1B,Application Received,26-Feb-2023
6274207918850048,Chennai,10-Feb-2023,H1B,Approved,27-Feb-2023
6589792636633088,Bengaluru,10-Feb-2023,B1,No Status,27-Feb-2023
6574184675147776,Chennai,10-Feb-2023,H1B,Application Received,27-Feb-2023
5998481739087872,Pune,10-Feb-2023,H1B,Application Received,27-Feb-2023
5961009424498688,Chennai,10-Feb-2023,H1B,Application Received,27-Feb-2023
6245958425772032,Mumbai,09-Feb-2023,H1B,Application Received,27-Feb-2023
6561809985175552,Mumbai,09-Feb-2023,H1B,Application Received,27-Feb-2023
4833284760535040,New Delhi,09-Feb-2023,H1B,No Status,27-Feb-2023
6012616208023552,New Delhi,08-Feb-2023,H1B,Application Received,26-Feb-2023
6217047809720320,Hyderabad,08-Feb-2023,H1B,Application Received,27-Feb-2023
6272808682258432,Bengaluru,08-Feb-2023,H1B,Approved,27-Feb-2023
4875497511059456,Pune,08-Feb-2023,H1B,Application Received,27-Feb-2023
5384999213727744,Mumbai,07-Feb-2023,L2,Application Received,26-Feb-2023
4765778360401920,Mumbai,07-Feb-2023,H1B,Approved,27-Feb-2023
4877876251852800,Mumbai,07-Feb-2023,H1B,Approved,27-Feb-2023
6326038644654080,Mumbai,07-Feb-2023,H1B,Application Received,27-Feb-2023
5469465802178560,Mumbai,07-Feb-2023,H1B,Application Received,27-Feb-2023
4809672926167040,New Delhi,07-Feb-2023,H1B,Application Received,27-Feb-2023
4668762951254016,Mumbai,07-Feb-2023,H1B,Application Received,27-Feb-2023
5469862147129344,Mumbai,07-Feb-2023,H1B,Application Received,27-Feb-2023
6552034639609856,Mumbai,07-Feb-2023,H1B,Application Received,27-Feb-2023
6312044970115072,Mumbai,07-Feb-2023,H1B,Application Received,27-Feb-2023
6235838341971968,Pune,06-Feb-2023,H1B,Refused,26-Feb-2023
6221172186284032,Ahmedabad,06-Feb-2023,H1B,Application Received,27-Feb-2023
5239942330449920,Ahmedabad,06-Feb-2023,H1B,Application Received,27-Feb-2023
6198595673915392,Mumbai,06-Feb-2023,H1B,Application Received,27-Feb-2023
6220645096488960,New Delhi,06-Feb-2023,H1B,Approved,27-Feb-2023
6259148874317824,Mumbai,06-Feb-2023,H1B,Application Received,27-Feb-2023
4845779491487744,Hyderabad,06-Feb-2023,H1B,Application Received,27-Feb-2023
6220355790176256,Mumbai,03-Feb-2023,H1B,Application Received,27-Feb-2023
6227500803817472,Mumbai,03-Feb-2023,H1B,Application Received,27-Feb-2023
4901844451065856,New Delhi,03-Feb-2023,H1B,Approved,27-Feb-2023
5916634040500224,New Delhi,03-Feb-2023,H1B,Issued,27-Feb-2023
6280504726781952,Mumbai,03-Feb-2023,H1B,Application Received,27-Feb-2023
6208821454176256,Chennai,03-Feb-2023,H1B,Issued,27-Feb-2023
6028590130921472,New Delhi,03-Feb-2023,H1B,Issued,27-Feb-2023
4921588633829376,Mumbai,03-Feb-2023,H1B,Application Received,27-Feb-2023
6248950558359552,Bengaluru,03-Feb-2023,H1B,Application Received,27-Feb-2023
6296621188907008,Hyderabad,02-Feb-2023,H1B,Application Received,27-Feb-2023
6268892947152896,New Delhi,02-Feb-2023,H1B,Application Received,27-Feb-2023
6317090130624512,New Delhi,02-Feb-2023,H1B,Issued,27-Feb-2023
6197561593430016,Mumbai,02-Feb-2023,H1B,Approved,27-Feb-2023
6240113176608768,New Delhi,02-Feb-2023,H1B,Issued,27-Feb-2023
6011413097086976,Mumbai,02-Feb-2023,H1B,Application Received,27-Feb-2023
4903214763737088,Mumbai,02-Feb-2023,H1B,Issued,27-Feb-2023
6311314070700032,Ahmedabad,02-Feb-2023,H1B,Application Received,27-Feb-2023
5348364820414464,Ahmedabad,02-Feb-2023,H1B,Application Received,27-Feb-2023
4859210273652736,Mumbai,01-Feb-2023,H1B,Approved,27-Feb-2023
6258233308086272,Hyderabad,31-Jan-2023,H1B,Issued,27-Feb-2023
6568541876649984,Chennai,31-Jan-2023,H1B,Application Received,27-Feb-2023
6284422005391360,New Delhi,29-Jan-2023,H1B,Issued,27-Feb-2023
